Id,Name,Surname,Initials,Age,DateOfBirth
1,Emma,Taylor,E,20,05/05/2015
2,James,Jones,J,55,29/03/1978
3,Joseph,Jackson,J,59,09/09/1951
4,Ella,Thompson,E,42,18/04/2017
5,James,Thomas,J,43,23/07/1996
6,Ava,Thomas,A,35,21/08/1997
7,Michael,Johnson,M,69,26/09/1961
8,Henry,Davis,H,52,28/03/1993
9,William,Smith,W,25,06/11/1967
10,Ella,Miller,E,26,13/11/1961
11,Michael,Moore,M,31,24/09/1954
12,Amelia,White,A,31,22/01/1952
13,Samuel,Wilson,S,63,22/07/1998
14,Daniel,Martin,D,57,31/12/1989
15,Daniel,Johnson,D,63,15/12/1962
16,Michael,Jackson,M,46,31/05/1961
17,Isabella,Johnson,I,56,09/01/2010
18,John,Robinson,J,31,09/07/1977
19,Isabella,Robinson,I,40,14/09/1979
20,William,Smith,W,59,12/05/2000
21,Charlotte,Davis,C,39,18/12/2001
22,Emma,Thompson,E,24,02/08/1974
23,James,Martinez,J,44,14/11/1981
24,David,Taylor,D,25,17/03/1997
25,Ava,Miller,A,39,02/11/1991
26,Amelia,Williams,A,39,05/11/1959
27,Henry,Thomas,H,66,28/05/2014
28,Alexander,Smith,A,21,16/05/1950
29,Mia,Johnson,M,47,14/04/1951
30,David,Wilson,D,23,27/03/2023
31,Mia,Williams,M,69,15/11/2000
32,Michael,Brown,M,64,01/03/1982
33,Mia,Smith,M,25,04/07/1989
34,Michael,Smith,M,56,28/07/1978
35,Amelia,Moore,A,68,19/06/2018
36,Joseph,Taylor,J,22,24/05/1963
37,James,Jackson,J,60,11/06/1958
38,Sophia,Jackson,S,62,24/08/1962
39,James,Jones,J,25,23/04/1973
40,Alexander,Smith,A,47,26/12/2012
41,Joseph,Wilson,J,62,01/06/2008
42,James,Davis,J,63,07/02/2020
43,David,Robinson,D,21,04/12/2001
44,Emma,Garcia,E,69,12/04/2011
45,Grace,Jones,G,27,10/09/1976
46,Samuel,White,S,28,04/09/1993
47,Michael,White,M,67,21/09/1953
48,Amelia,White,A,24,11/10/2006
49,Alexander,Miller,A,53,03/06/2001
50,Charlotte,Robinson,C,26,12/05/1970
51,Alexander,Davis,A,23,28/01/1969
52,Mia,Jackson,M,33,17/10/1976
53,Michael,Robinson,M,52,04/05/1972
54,Sophia,Harris,S,41,06/10/1985
55,Olivia,Garcia,O,68,28/09/1982
56,Emma,Thomas,E,24,04/04/1984
57,David,Thomas,D,18,06/08/1990
58,Amelia,Garcia,A,24,29/08/2007
59,Henry,Brown,H,19,23/11/2023
60,Daniel,Smith,D,43,08/07/1987
61,Mia,Moore,M,70,16/11/1997
62,Mia,Taylor,M,27,01/09/1952
63,Ella,Brown,E,66,06/12/1955
64,Sophia,Martin,S,65,01/05/1982
65,Samuel,Smith,S,34,06/01/1980
66,James,Thompson,J,70,11/05/1953
67,Grace,Anderson,G,35,23/12/1970
68,James,Smith,J,55,01/05/1961
69,Ella,Jackson,E,24,02/11/1961
70,Henry,Jones,H,33,21/01/2019
71,Joseph,Martin,J,36,09/08/1973
72,Isabella,Miller,I,48,04/12/1965
73,Olivia,Robinson,O,58,03/04/1980
74,Michael,Martin,M,26,26/08/2006
75,Olivia,Martinez,O,21,23/08/1989
76,Michael,Davis,M,66,17/02/2011
77,Emma,Anderson,E,23,02/09/2012
78,Ella,Thompson,E,31,06/05/1996
79,Olivia,Smith,O,49,31/12/2004
80,Charlotte,Wilson,C,56,30/12/1965
81,Michael,Robinson,M,61,17/02/1985
82,Ava,Moore,A,57,10/09/1952
83,Michael,Harris,M,56,31/08/1956
84,Samuel,Thompson,S,38,27/11/2006
85,Samuel,Jackson,S,64,03/01/2023
86,James,Martinez,J,43,26/07/2019
87,Amelia,Thomas,A,55,03/10/2006
88,Alexander,Martin,A,42,11/02/1956
89,Joseph,Johnson,J,66,02/10/1973
90,Henry,Smith,H,48,08/07/2007
91,Ella,Thompson,E,40,15/02/1987
92,James,Martin,J,57,05/07/2008
93,Grace,Thompson,G,60,22/04/1991
94,Michael,Wilson,M,38,30/04/1964
95,Michael,Jones,M,43,26/10/1965
96,James,Robinson,J,66,18/09/1986
97,Mia,Jackson,M,55,25/06/1988
98,Mia,Anderson,M,32,18/01/1983
99,Alexander,Jackson,A,65,04/11/1969
100,Grace,Garcia,G,20,05/01/1958
